URL,Title,UPC,Price (incl. tax),Price (excl. tax),Availability,Description,Category,Rating,Image URL,Image Filename
http://books.toscrape.com/catalogue/chase-me-paris-nights-2_977/index.html,Chase Me (Paris Nights #2),c2e46a2ee3b4a322,Â£25.27,Â£25.27,In stock (19 available),"A Michelin two-star chef at twenty-eight, Violette Lenoir could handle anything, including a cocky burglar who broke into her restaurant in the middle of the night.Or so she thought.Elite counterterrorist operative Chase âSmithâ had been through things that made Hell Week look easy. But nothing had prepared him for a leather-clad blonde who held him at bay at knifepoint an A Michelin two-star chef at twenty-eight, Violette Lenoir could handle anything, including a cocky burglar who broke into her restaurant in the middle of the night.Or so she thought.Elite counterterrorist operative Chase âSmithâ had been through things that made Hell Week look easy. But nothing had prepared him for a leather-clad blonde who held him at bay at knifepoint and dared him to take her on.Now if only saving the world didnât require he ruin her life.Two people who thought they could handle anything now have to take on each other. It's a battle neither one expected. But with their futures on the line, they have nothing to lose...but their hearts.Warning: This book contains one arrogant Navy SEAL, nights of Paris passion, and a woman who wants to have it all. ...more",Romance,Five,http://books.toscrape.com/media/cache/6c/84/6c84fcf7a53b02b6e763de7272934842.jpg,images/Chase Me _Paris Nights _2__c2e46a2ee3b4a322.jpg
http://books.toscrape.com/catalogue/black-dust_976/index.html,Black Dust,00bfed9e18bb36f3,Â£34.53,Â£34.53,In stock (19 available),"No matter how busy he keeps himself, successful Broadway musician Tobias Spence canât outrun the memory of a tragic car crash from his past that claimed a friendâs life and permanently injured his former boyfriend, Emmett.Even after losing Tobias, Emmett Henderson made peace with that awful night, living in his Indiana hometown where he has become a revered choral director No matter how busy he keeps himself, successful Broadway musician Tobias Spence canât outrun the memory of a tragic car crash from his past that claimed a friendâs life and permanently injured his former boyfriend, Emmett.Even after losing Tobias, Emmett Henderson made peace with that awful night, living in his Indiana hometown where he has become a revered choral director. When his students are asked to perform in New York City, he decides to chance reconnecting with his former love, if for no other reason than to get a proper goodbye.When Emmett and Tobias finally meet 15 years after parting ways, it is clear to both of them that their feelings for each other have not changed. As they explore their renewed relationship, the two men face old hurts and the new challenges of a long-distance romance. Will Tobias lose his second chance at love to the ghosts he canât seem to put to rest? ...more",Romance,Five,http://books.toscrape.com/media/cache/a4/0a/a40af95beab828af1a4757ad1ee17da3.jpg,images/Black Dust_00bfed9e18bb36f3.jpg
http://books.toscrape.com/catalogue/her-backup-boyfriend-the-sorensen-family-1_896/index.html,Her Backup Boyfriend (The Sorensen Family #1),2a97cffe61c3c4c7,Â£33.97,Â£33.97,In stock (16 available),"One little white lie leads to more than she plannedâ¦Straight-laced lawyer Kate Matthews always plays by the rules. But when her ex gets engaged and a big promotion is on the line at work, she blurts out that she has a new boyfriend. And now that sheâs proved she âhas a lifeâ outside of work, everything is perfect. Except for one teeny little detailâthere is no boyfriend. A One little white lie leads to more than she plannedâ¦Straight-laced lawyer Kate Matthews always plays by the rules. But when her ex gets engaged and a big promotion is on the line at work, she blurts out that she has a new boyfriend. And now that sheâs proved she âhas a lifeâ outside of work, everything is perfect. Except for one teeny little detailâthere is no boyfriend. And now Kateâs liable for her little white lieâ¦Dominic Sorensen is hot, charming, and very definitely not Kateâs type. But not only does Dominic want to help Kate renovate her home, heâs also willing to play âboyfriend.â All he wants in return is a little pro bono work for his sister. Now instead of Mr. Right, Kate has a delectable Mr. Fix-It-Rightâand some unbelievable sexual chemistry. And if falling for Dominic is a breach of contract, Kate is guilty as chargedâ¦ ...more",Romance,One,http://books.toscrape.com/media/cache/41/ee/41ee38c1d15f0139a3fb17b730dc4347.jpg,images/Her Backup Boyfriend _The Sorensen Famil_2a97cffe61c3c4c7.jpg
http://books.toscrape.com/catalogue/first-and-first-five-boroughs-3_893/index.html,First and First (Five Boroughs #3),9e28048cea8d41f7,Â£15.97,Â£15.97,In stock (16 available),"Caleb Stone was raised on the Upper East Side, where wealth and lineage reigns, and âalternative lifestylesâ are hidden. It took him years to come out to his family, but heâs still stuck in the stranglehold of their expectations. Caleb knows he has to build his confidence and shake things up, but he doesnât know howâ¦ until Oliver Buckley enters the picture.Oli is everythin Caleb Stone was raised on the Upper East Side, where wealth and lineage reigns, and âalternative lifestylesâ are hidden. It took him years to come out to his family, but heâs still stuck in the stranglehold of their expectations. Caleb knows he has to build his confidence and shake things up, but he doesnât know howâ¦ until Oliver Buckley enters the picture.Oli is everything Caleb isnâtârisk-taking, provocative, and fiercely independent. Disowned by his family, Oli has made his own way in the world and is beholden to no one. After a chance encounter on New Yearâs Eve, Caleb is smitten.As Caleb sheds the insecurities that have held him back for years, he makes bold steps toward changing his career and escaping years of sexual repression. But for Caleb to take full control of his life, he has to be brave enough to confront his feelings and trust Oli with his heart. ...more",Romance,Four,http://books.toscrape.com/media/cache/01/a5/01a5285b17e7ec0e7e56294a8f8af28d.jpg,images/First and First _Five Boroughs _3__9e28048cea8d41f7.jpg
http://books.toscrape.com/catalogue/fifty-shades-darker-fifty-shades-2_892/index.html,Fifty Shades Darker (Fifty Shades #2),7add3f8e49ec0826,Â£21.96,Â£21.96,In stock (16 available),"Daunted by the singular sexual tastes and dark secrets of the beautiful, tormented young entrepreneur Christian Grey, Anastasia Steele has broken off their relationship to start a new career with a Seattle publishing house.But desire for Christian still dominates her every waking thought, and when he proposes a new arrangement, Anastasia cannot resist. They rekindle their Daunted by the singular sexual tastes and dark secrets of the beautiful, tormented young entrepreneur Christian Grey, Anastasia Steele has broken off their relationship to start a new career with a Seattle publishing house.But desire for Christian still dominates her every waking thought, and when he proposes a new arrangement, Anastasia cannot resist. They rekindle their searing sensual affair, and Anastasia learns more about the harrowing past of her damaged, driven, and demanding Fifty Shades.While Christian wrestles with his inner demons, Anastasia must confront her anger and envy of the women who came before her and make the most important decision of her life.Erotic, sparkling and suspenseful, Fifty Shades Darker is the irresistibly addictive second part of the Fifty Shades trilogy.Learn more about E. L. James at thewriterscoffeeshop.com/ejames and on Twitter @E_L_JamesNeed the first Fifty Shades? Search Fifty Shades of Grey ...more",Romance,One,http://books.toscrape.com/media/cache/51/86/51862681bebec59be61f36f937c71fce.jpg,images/Fifty Shades Darker _Fifty Shades _2__7add3f8e49ec0826.jpg
http://books.toscrape.com/catalogue/the-wedding-dress_864/index.html,The Wedding Dress,623e1a180426039b,Â£24.12,Â£24.12,In stock (15 available),"Four brides. One Dress.A tale of faith, redemption, and timeless love.Charlotte owns a chic Birmingham bridal boutique. Dressing brides for their big day is her gift . . . and her passion. But with her own wedding day approaching, why can't she find the perfect dress...or feel certain she should marry Tim?Then Charlotte discovers a vintage dress in a battered trunk at an e Four brides. One Dress.A tale of faith, redemption, and timeless love.Charlotte owns a chic Birmingham bridal boutique. Dressing brides for their big day is her gift . . . and her passion. But with her own wedding day approaching, why can't she find the perfect dress...or feel certain she should marry Tim?Then Charlotte discovers a vintage dress in a battered trunk at an estate sale. It looks brand-new-shimmering with pearls and satin, hand-stitched and timeless in its design. But where did it come from? Who wore it? Who welded the lock shut and tucked the dog tags in that little sachet? Who left it in the basement for a ten-year-old girl? And what about the mysterious man in the purple vest who insists the dress had been ""redeemed.""Charlotte's search for the gown's history-and its new bride-begins as a distraction from her sputtering love life. But it takes on a life of its own as she comes to know the women who have worn the dress. Emily from 1912. Mary Grace from 1939. Hillary from 1968. Each with her own story of promise, pain, and destiny. And each with something unique to share. For woven within the threads of the beautiful hundred-year-old gown is the truth about Charlotte's heritage, the power of courage and faith, and the timeless beauty of finding true love. ...more",Romance,One,http://books.toscrape.com/media/cache/29/3b/293bd9cd6fe1f8c82d1688aefe6cc5f7.jpg,images/The Wedding Dress_623e1a180426039b.jpg
http://books.toscrape.com/catalogue/suddenly-in-love-lake-haven-1_835/index.html,Suddenly in Love (Lake Haven #1),203b7f94b7d6115f,Â£55.99,Â£55.99,In stock (15 available),"Mia Lassiter is thrilled to finally put her artistic skills to use working for her auntâs interior design shop in her hometown of East Beach. While renovating an old mansion overlooking stunning Lake Haven, she encounters a scruffy but attractive man named Brennanâthe ownerâs son. She doesnât realize this sexy recluse is actually Everett Alden, the world-famous rock star i Mia Lassiter is thrilled to finally put her artistic skills to use working for her auntâs interior design shop in her hometown of East Beach. While renovating an old mansion overlooking stunning Lake Haven, she encounters a scruffy but attractive man named Brennanâthe ownerâs son. She doesnât realize this sexy recluse is actually Everett Alden, the world-famous rock star in hiding whoâs nursing his own artistic and personal crises.As their personalities clash, tension simmers between the struggling artist and jaded musician, and their time spent alone together in the gorgeous old house only serves to turn up the heat. Soon, Mia and Brennanâs creative passions boil over to inspire passions of another kindâ¦But reality comes crashing in when Miaâs celeb-obsessed cousin discovers Brennanâs true identityâand reveals it to the world. As paparazzi swarm the mansion, Brennan is thrust back into his rock star lifestyle. Will Mia lose her soul mate just when sheâs finally found him? Can their love survive the glaring spotlight? ...more",Romance,Two,http://books.toscrape.com/media/cache/58/bb/58bb81b052b6ad90adcd57e95da99a50.jpg,images/Suddenly in Love _Lake Haven _1__203b7f94b7d6115f.jpg
http://books.toscrape.com/catalogue/something-more-than-this_834/index.html,Something More Than This,ca71e72655bece85,Â£16.24,Â£16.24,In stock (15 available),"Katy Lewis has it all: a sports reporting job she loves, a great roommate, and two brothers who, while nosy, always have her back. But when Conner Roberts, Katyâs unrequited first crush, suddenly shows upâand shows interestâafter nine years, she reverts to a sweaty, panicked sixteen-year-old once more.And if trying to read Connerâs signals isnât tough enough, Katyâs heart Katy Lewis has it all: a sports reporting job she loves, a great roommate, and two brothers who, while nosy, always have her back. But when Conner Roberts, Katyâs unrequited first crush, suddenly shows upâand shows interestâafter nine years, she reverts to a sweaty, panicked sixteen-year-old once more.And if trying to read Connerâs signals isnât tough enough, Katyâs heart is sending some mixed messages of its own. When a beautiful blonde coworker starts pursuing Katyâs boss, Dylan Sterlingâher longtime mentor and friendâshe realizes she may have a problem with that. A reunion with Conner is what sheâs dreamed of for so longâ¦so why canât she stop thinking about Dylan?For the first time ever, Katy must fact-check her heart. Should she go after the guy she thought she always wanted or see if thereâs something more with the one whoâs been there all along? ...more",Romance,Four,http://books.toscrape.com/media/cache/b8/f9/b8f9e0169c3811f9ed145c3824208de6.jpg,images/Something More Than This_ca71e72655bece85.jpg
http://books.toscrape.com/catalogue/doing-it-over-most-likely-to-1_802/index.html,Doing It Over (Most Likely To #1),3a11bb962ff45b78,Â£35.61,Â£35.61,In stock (15 available),"Voted Most Likely to Succeed, Melanie Bartlett ended up anything but. The down-on-her-luck single mom wants a complete do-overâis that too much to ask? With her family long gone from River Bend, strong, independent Mel is as surprised as anyone to end up in the quaint small town she once called home. But with her friends, Jo and Zoe, by her side, and a comfortable room at Voted Most Likely to Succeed, Melanie Bartlett ended up anything but. The down-on-her-luck single mom wants a complete do-overâis that too much to ask? With her family long gone from River Bend, strong, independent Mel is as surprised as anyone to end up in the quaint small town she once called home. But with her friends, Jo and Zoe, by her side, and a comfortable room at Miss Ginaâs quirky bed-and-breakfast, she just might have turned the corner on a new life.Wyatt Gibson never liked the big city. River Bend suits the ruggedly handsome builder just fine. Wyatt knows heâs home, even if that means being charmed by the appearance of Melanie and her spunky, adorable daughter. Is Wyattâs calm devotionâeven amid a coming stormâenough to convince Mel she may have found a home to call her own, a family that never leaves, and a true love to last a lifetime? ...more",Romance,Three,http://books.toscrape.com/media/cache/4b/91/4b91460323973e9e140626d00474d74c.jpg,images/Doing It Over _Most Likely To _1__3a11bb962ff45b78.jpg
http://books.toscrape.com/catalogue/the-wedding-pact-the-omalleys-2_767/index.html,The Wedding Pact (The O'Malleys #2),c5cb9f885d8b3621,Â£32.61,Â£32.61,In stock (14 available),"New York Times and USA Today bestselling author Katee Robert continues her smoking-hot series about the O'Malleysâwealthy, powerful, and full of scandalous family secrets. Carrigan O'Malley has always known her arranged marriage would be more about power and prestige than passion. But after one taste of the hard-bodied, whiskey-voiced James Halloran, she's ruined for anyo New York Times and USA Today bestselling author Katee Robert continues her smoking-hot series about the O'Malleysâwealthy, powerful, and full of scandalous family secrets. Carrigan O'Malley has always known her arranged marriage would be more about power and prestige than passion. But after one taste of the hard-bodied, whiskey-voiced James Halloran, she's ruined for anyone else. Too bad James and his family are enemy number 1. Hallorans vs. O'Malleysâthat's how it's always been. James should be thinking more about how to expand his family's empire instead of how silky Carrigan's skin is against his and how he can next get her into his bed. Those are dangerous thoughts. But not nearly as dangerous as he'll be if he can't get what he wants: Carrigan by his side for the rest of their lives. ...more",Romance,Three,http://books.toscrape.com/media/cache/21/53/21539e305aa09ec40b36daa43db3f2fe.jpg,images/The Wedding Pact _The O_Malleys _2__c5cb9f885d8b3621.jpg
http://books.toscrape.com/catalogue/hold-your-breath-search-and-rescue-1_700/index.html,Hold Your Breath (Search and Rescue #1),0b165bd4b9f42fd5,Â£28.82,Â£28.82,In stock (14 available),"In the remote Rocky Mountains, lives depend on the Search & Rescue brotherhood. But in a place this far off the map, trust is hard to come by and secrets can be murder...As the captain of Field County's ice rescue dive team, Callum Cook is driven to perfection. But when he meets new diver Louise ""Lou"" Sparks, all that hard-won order is obliterated in an instant. Lou is In the remote Rocky Mountains, lives depend on the Search & Rescue brotherhood. But in a place this far off the map, trust is hard to come by and secrets can be murder...As the captain of Field County's ice rescue dive team, Callum Cook is driven to perfection. But when he meets new diver Louise ""Lou"" Sparks, all that hard-won order is obliterated in an instant. Lou is a hurricane. A walking disaster. And with her, he's never felt more alive...even if keeping her safe may just kill him.Lou's new to the Rockies, intent on escaping her controlling ex, and she's determined to make it on her own terms...no matter how tempting Callum may be. But when a routine training exercise unearths a body, Lou and Callum find themselves thrust into a deadly game of cat and mouse with a killer who will stop at nothing to silence Lou-and prove that not even her new Search and Rescue family can keep her safe forever. ...more",Romance,One,http://books.toscrape.com/media/cache/3d/4d/3d4d8e92429144f6c807adc4b15b7f80.jpg,images/Hold Your Breath _Search and Rescue _1__0b165bd4b9f42fd5.jpg
http://books.toscrape.com/catalogue/dirty-dive-bar-1_615/index.html,Dirty (Dive Bar #1),df7e628bad5782b4,Â£40.83,Â£40.83,In stock (12 available),"The last thing Vaughan Hewson expects to find when he returns to his childhood home is a broken hearted bride in his shower, let alone the drama and chaos that comes with her.Lydia Green doesn't know whether to burn down the church or sit and cry in a corner. Discovering the love of your life is having an affair on your wedding day is bad enough. Finding out it's with his The last thing Vaughan Hewson expects to find when he returns to his childhood home is a broken hearted bride in his shower, let alone the drama and chaos that comes with her.Lydia Green doesn't know whether to burn down the church or sit and cry in a corner. Discovering the love of your life is having an affair on your wedding day is bad enough. Finding out it's with his best man is another thing all together. She narrowly escapes tying the knot and meets Vaughan only hours later.Vaughan is the exact opposite of the picture perfect, respected businessman she thought she'd marry. This former musician-turned-bartender is rough around the edges and unsettled. But she already tried Mr. Right and discovered he's all wrong-maybe it's time to give Mr. Right Now a chance.After all, what's wrong with getting dirty? ...more",Romance,Four,http://books.toscrape.com/media/cache/77/54/77540d564fb77611a18b57f12a910b73.jpg,images/Dirty _Dive Bar _1__df7e628bad5782b4.jpg
http://books.toscrape.com/catalogue/take-me-home-tonight-rock-star-romance-3_605/index.html,Take Me Home Tonight (Rock Star Romance #3),cf62fa272b5f0fa3,Â£53.98,Â£53.98,In stock (11 available),"A rocker gets a taste of unexpected passion in the latest red-hot Rock Star Romance from the award-winning author of I Want You to Want Me. Calix Bourbon might seem like a free spirit, but thatâs all a front. In reality heâs just trying to keep his fractured family together while working as a session musician. When Blue Fire hires him to replace their keyboardist, Calix i A rocker gets a taste of unexpected passion in the latest red-hot Rock Star Romance from the award-winning author of I Want You to Want Me. Â  Calix Bourbon might seem like a free spirit, but thatâs all a front. In reality heâs just trying to keep his fractured family together while working as a session musician. When Blue Fire hires him to replace their keyboardist, Calix is determined to make the most of the opportunityâbut he canât help being distracted by the bandâs sexy personal chef. Â  Mimiâs temporary gig is great, but she has her heart set on auditioning for a televised cooking show. Thereâs just one problem: she only has a week to acquire the skills necessary to survive the competition. Luckily, the bandâs new keyboard player can teach her exactly what she needs, in the kitchen and in the bedroom... ...more",Romance,Three,http://books.toscrape.com/media/cache/33/72/337240d247fdf020755566e4477e17ca.jpg,images/Take Me Home Tonight _Rock Star Romance _cf62fa272b5f0fa3.jpg
http://books.toscrape.com/catalogue/off-the-hook-fishing-for-trouble-1_601/index.html,Off the Hook (Fishing for Trouble #1),b783ce08802cd1d1,Â£47.67,Â£47.67,In stock (11 available),"Welcome to The Buoys, a West Coast haven where love comes in with the tide. Perfect for readers of Jill Shalvis and Susan Mallery, the Fishing for Trouble series features three unforgettable brothersâeach of whom is a great catch.Major league pitcher Liam O'Donnell knows his best days are probably behind him, but that doesn't mean he's ready to retire and become a fishing Welcome to The Buoys, a West Coast haven where love comes in with the tide. Perfect for readers of Jill Shalvis and Susan Mallery, the Fishing for Trouble series features three unforgettable brothersâeach of whom is a great catch.Major league pitcher Liam O'Donnell knows his best days are probably behind him, but that doesn't mean he's ready to retire and become a fishing guide. Still, after all the time he's spent chasing his dreams, he owes it to his brothers to pull his weight around the lodge. The Buoys is their father's legacy, and they can't let some developer take it from them. The one snag Liam isn't counting on is a blast from the past: his ex-wife.The moment Kate Hadley steps out of the seaplane, she knows this assignment is going to be trickier than she thought. She has to persuade the owners to sellâand one of them is Liam O'Donnell. Ten years ago, she made the biggest mistake of her life when she married Liam during a fling in Vegas. Now he's her only lifeline in the middle of nowhere. Kate's trying to keep things cool, but Liam just reminds her of the scorching few nights they spent togetherâand tempts her to make new memories that are just as steamy as the old. ...more",Romance,Three,http://books.toscrape.com/media/cache/bc/21/bc214639946c501cd70ff6b752439c76.jpg,images/Off the Hook _Fishing for Trouble _1__b783ce08802cd1d1.jpg
http://books.toscrape.com/catalogue/a-gentlemans-position-society-of-gentlemen-3_584/index.html,A Gentleman's Position (Society of Gentlemen #3),40c4bf520c17de54,Â£14.75,Â£14.75,In stock (11 available),"Power, privilege, and the rigid rules of class leave two hearts yearning for connection in the sizzling new Society of Gentlemen novel from K. J. Charles. Among his eccentric though strictly principled group of friends, Lord Richard Vane is the confidant on whom everyone depends for advice, moral rectitude, and discreet assistance. Yet when Richard has a problem, he turns Power, privilege, and the rigid rules of class leave two hearts yearning for connection in the sizzling new Society of Gentlemen novel from K. J. Charles.Â  Among his eccentric though strictly principled group of friends, Lord Richard Vane is the confidant on whom everyone depends for advice, moral rectitude, and discreet assistance. Yet when Richard has a problem, he turns to his valet, a fixer of unparalleled geniusâand the object of Richardâs deepest desires. If there is one rule a gentleman must follow, it is never to dally with servants. But when David is close enough to touch, the rules of class collide with the basest sort of animal instinct: overpowering lust. Â  For David Cyprian, burglary and blackmail are as much in a dayâs work as bootblackingâanything for the man heâs devoted to. But the one thing he wants for himself is the one thing Richard refuses to give: his heart. With the tension between them growing to be unbearable, Davidâs seemingly incorruptible master has left him no choice. Putting his finely honed skills of seduction and manipulation to good use, he will convince Richard to forget all about his well-meaning objections and give in to sweet, sinful temptation. Â Includes a special message from the editor, as well as an excerpt from another Loveswept title. ...more",Romance,Five,http://books.toscrape.com/media/cache/82/aa/82aa7770711dfc5edc1f5f69a731d08b.jpg,images/A Gentleman_s Position _Society of Gentl_40c4bf520c17de54.jpg
http://books.toscrape.com/catalogue/sit-stay-love_486/index.html,"Sit, Stay, Love",bd087cf6a846db75,Â£20.90,Â£20.90,In stock (7 available),"Take one abrasive professional athlete, a quirky out-of-work schoolteacher, and an overweight geriatric dog, and you're ready for a lesson in love...Tippy style.Pro baseball pitcher Cal Crawford is not a dog guy. When he inherits his deceased mother's elderly dog, Tippy, he's quick to call on a pet-sitting service.Gina isn't thrilled to be a dog sitter when her aspirations Take one abrasive professional athlete, a quirky out-of-work schoolteacher, and an overweight geriatric dog, and you're ready for a lesson in love...Tippy style.Pro baseball pitcher Cal Crawford is not a dog guy. When he inherits his deceased mother's elderly dog, Tippy, he's quick to call on a pet-sitting service.Gina isn't thrilled to be a dog sitter when her aspirations lie in the classroom. Furthermore, she can't abide the unfriendly Cal, a man with all the charm of a wet towel. But with no other prospects and a deep love for all things canine, she takes the job caring for Tippy.As Gina travels through Cal's world with Tippy in tow, she begins to see Cal in a different light. Gina longs to show Cal the God-given blessings in his life that have nothing to do with baseball or fame. When her longing blooms into attraction, Gina does her best to suppress it. But Cal is falling in love with her too...Discover the charming story of Tippy, the dog who brought a family together. ...more",Romance,Three,http://books.toscrape.com/media/cache/48/2c/482c14200688df579ab2ed0fcbddcb86.jpg,images/Sit_ Stay_ Love_bd087cf6a846db75.jpg
